<?xml version="1.0" encoding="utf-8" ?>
<Defs>

	<ThingDef ParentName="MoteBase">
		<defName>LTF_Teleport_Mote_EllipseIn</defName>

		<graphicData>
			<texPath>Effects/Ellipse/EllipseIn</texPath>
			<shaderType>MoteGlow</shaderType>
		</graphicData>

		<altitudeLayer>MoteOverhead</altitudeLayer>

		<mote>
			<fadeInTime>.3</fadeInTime>
			<solidTime>.5</solidTime>
			<fadeOutTime>.2</fadeOutTime>
			<growthRate>-.5</growthRate>
		</mote>
	</ThingDef>

	<ThingDef ParentName="MoteBase">
		<defName>LTF_Teleport_Mote_EllipseOut</defName>

		<graphicData>
			<texPath>Effects/Ellipse/EllipseOut</texPath>
			<shaderType>MoteGlow</shaderType>
		</graphicData>

		<altitudeLayer>MoteOverhead</altitudeLayer>

		<mote>
			<fadeInTime>.3</fadeInTime>
			<solidTime>.5</solidTime>
			<fadeOutTime>.2</fadeOutTime>
			<growthRate>.5</growthRate>
		</mote>
	</ThingDef>
	
		<ThingDef ParentName="MoteBase">
		<defName>LTF_Teleport_Mote_EllipseSwap</defName> 

		<graphicData>
			<texPath>Effects/Ellipse/EllipseSwap</texPath>
			<shaderType>MoteGlow</shaderType>
		</graphicData>

		<altitudeLayer>MoteOverhead</altitudeLayer>

		<mote>
			<fadeInTime>.3</fadeInTime>
			<solidTime>.5</solidTime>
			<fadeOutTime>.2</fadeOutTime>
			<growthRate>-.5</growthRate>
		</mote>
	</ThingDef>
	
</Defs>