<?xml version="1.0" encoding="utf-8" ?>
<Defs>

	<ThingDef Name="FlashMoteBase" ParentName="MoteBase" Abstract="true">
		<altitudeLayer>MoteOverhead</altitudeLayer>

		<graphicData>
			<texPath>Effects/Flash</texPath>
			<shaderType>MoteGlow</shaderType>
		</graphicData>

		<mote>
			<fadeInTime>.1</fadeInTime>
			<solidTime>.3</solidTime>
			<fadeOutTime>.6</fadeOutTime>
		</mote>
	</ThingDef>

	<ThingDef ParentName="FlashMoteBase">
		<defName>LTF_Teleport_Mote_FlashAppear</defName>

		<mote>
			<growthRate>.2</growthRate>
		</mote>
	</ThingDef>

	<ThingDef ParentName="FlashMoteBase">
		<defName>LTF_Teleport_Mote_FlashDisappear</defName>

		<mote>
			<growthRate>-.2</growthRate>
		</mote>
	</ThingDef>
	
</Defs>