<?xml version="1.0" encoding="utf-8" ?>
<Defs>

	<ThingDef ParentName="BuildingBase">
		<defName>LTF_MiniStation</defName>
		<label>teleporter ministation</label>
		<thingClass>Building_WorkTable</thingClass>

		<graphicData>
			<texPath>Things/Building/MiniStation/MiniStation</texPath>
			<graphicClass>Graphic_Single</graphicClass>
			<shaderType>CutoutComplex</shaderType>
			<drawSize>(1,1)</drawSize>
			<shadowData>
				<volume>(0.65, 0.25, 0.6)</volume>
				<offset>(0, 0, -0.15)</offset>
			</shadowData>
			<damageData>
				<rect>(0.09375,0.296875,0.796875,0.703125)</rect>
				<cornerTL>Damage/Corner</cornerTL>
				<cornerTR>Damage/Corner</cornerTR>
				<cornerBL>Damage/Corner</cornerBL>
				<cornerBR>Damage/Corner</cornerBR>
			</damageData>
		</graphicData>

		<rotatable>false</rotatable>

		<altitudeLayer>Building</altitudeLayer>
		<passability>PassThroughOnly</passability>
		<pathCost>80</pathCost>
		<blockWind>true</blockWind>
		
		<castEdgeShadows>false</castEdgeShadows>
		
		<fillPercent>0.8</fillPercent>
		<canOverlapZones>false</canOverlapZones>
		<minifiedDef>MinifiedThing</minifiedDef>
		<surfaceType>Item</surfaceType>
		<thingCategories>
			<li>BuildingsMisc</li>
		</thingCategories>

		<resourcesFractionWhenDeconstructed>.3</resourcesFractionWhenDeconstructed>

		<statBases>
			<!--<MarketValue>3000</MarketValue>-->
			<WorkToBuild>10000</WorkToBuild>
			<MaxHitPoints>250</MaxHitPoints>
			<Flammability>1.0</Flammability>
			<Mass>150</Mass>
		</statBases>

		<tickerType>Normal</tickerType>

		<description>A mini workstation for controlling the teleporter.
- Requires at least 1 teleport spot.
State your orders and schedule strategic wanderings.</description>
		<size>(1,1)</size>
		<designationCategory>Security</designationCategory>
		<hasInteractionCell>false</hasInteractionCell>

		<building>
			<ai_chillDestination>false</ai_chillDestination>
		</building>

		<stuffCategories>
			<li>Metallic</li>
		</stuffCategories>

		<costStuffCount>150</costStuffCount>
		<costList>
			<Steel>50</Steel>
			<Uranium>10</Uranium>
			<ComponentIndustrial>3</ComponentIndustrial>
		</costList>

		<comps>
			<li Class="CompProperties_Explosive">
				<explosiveRadius>2.66</explosiveRadius>
				<explosiveDamageType>Flame</explosiveDamageType>
			</li>

			<li Class="CompProperties_Power">
				<compClass>CompPowerTrader</compClass>
				<basePowerConsumption>200</basePowerConsumption>
				<!-- <startElectricalFires>true</startElectricalFires> -->
			</li>
			<li Class="CompProperties_Flickable"/>
			<li>
				<compClass>CompQuality</compClass>
			</li>

			<li Class="CompProperties_Facility">
				<maxSimultaneous>1</maxSimultaneous>
				<maxDistance>5</maxDistance>
			</li>
			<li Class="CompProperties_Glower">
				<glowRadius>3</glowRadius>
				<!-- pink -->
				<glowColor>(60,200,100,0)</glowColor>
			</li>

			<!-- Main -->
			<li Class="LTF_Teleport.CompProperties_LTF_TpBench">
				<FacilityCapacitySpectrum>1</FacilityCapacitySpectrum>
				<FacilityCapacityBase>4</FacilityCapacityBase>
				<moreRange>1</moreRange>
				<moreRangeBase>5</moreRangeBase>
			</li>

		</comps>

		<terrainAffordanceNeeded>Heavy</terrainAffordanceNeeded>
		<!-- <staticSunShadowHeight>0.4</staticSunShadowHeight> -->

		<constructionSkillPrerequisite>10</constructionSkillPrerequisite>

		<placeWorkers>
			<li>PlaceWorker_ShowFacilitiesConnections</li>
		</placeWorkers>

		<researchPrerequisites>
			<li>LTF_Research_TpBench</li>
		</researchPrerequisites>

	</ThingDef>

</Defs>
